n_bets,n_sims,mean_roi,p_roi_pos,roi_p05,roi_p50,roi_p95
6,10000,0.22089898989898987,0.7567,-0.505050505050505,0.202020202020202,0.9090909090909091
